participant_id,video_id,video_type,prime_type,classification_difficulty,action_match,trial,fixation_id,loop,frame,duration_ms,x_px,y_px
A110_002,33974,full,inpainted,Hard,1,21,1,1,19,145,212.758483,162.6826347
A110_002,33974,full,inpainted,Hard,1,21,1,1,20,145,212.758483,162.6826347
A110_002,33974,full,inpainted,Hard,1,21,1,1,21,145,212.758483,162.6826347
A110_002,33974,full,inpainted,Hard,1,21,1,1,22,145,212.758483,162.6826347
A110_002,33974,full,inpainted,Hard,1,21,1,1,23,145,212.758483,162.6826347
A110_002,33974,full,inpainted,Hard,1,21,1,1,24,145,212.758483,162.6826347
A110_002,33974,full,inpainted,Hard,1,21,1,1,25,145,212.758483,162.6826347
A110_002,33974,full,inpainted,Hard,1,21,1,1,26,145,212.758483,162.6826347
A110_002,33974,full,inpainted,Hard,1,21,1,1,27,145,212.758483,162.6826347
A110_002,33974,full,inpainted,Hard,1,21,2,1,30,834,269.1576846,125.7644711
A110_002,33974,full,inpainted,Hard,1,21,2,1,31,834,269.1576846,125.7644711
A110_002,33974,full,inpainted,Hard,1,21,2,1,32,834,269.1576846,125.7644711
A110_002,33974,full,inpainted,Hard,1,21,2,1,33,834,269.1576846,125.7644711
A110_002,33974,full,inpainted,Hard,1,21,2,1,34,834,269.1576846,125.7644711
A110_002,33974,full,inpainted,Hard,1,21,2,1,35,834,269.1576846,125.7644711
A110_002,33974,full,inpainted,Hard,1,21,2,1,36,834,269.1576846,125.7644711
A110_002,33974,full,inpainted,Hard,1,21,2,1,37,834,269.1576846,125.7644711
A110_002,33974,full,inpainted,Hard,1,21,2,1,38,834,269.1576846,125.7644711
A110_002,33974,full,inpainted,Hard,1,21,2,1,39,834,269.1576846,125.7644711
A110_002,33974,full,inpainted,Hard,1,21,2,1,40,834,269.1576846,125.7644711
A110_002,33974,full,inpainted,Hard,1,21,2,1,41,834,269.1576846,125.7644711
A110_002,33974,full,inpainted,Hard,1,21,2,1,42,834,269.1576846,125.7644711
A110_002,33974,full,inpainted,Hard,1,21,2,1,43,834,269.1576846,125.7644711
A110_002,33974,full,inpainted,Hard,1,21,2,1,44,834,269.1576846,125.7644711
A110_002,33974,full,inpainted,Hard,1,21,2,1,45,834,269.1576846,125.7644711
A110_002,33974,full,inpainted,Hard,1,21,2,1,46,834,269.1576846,125.7644711
A110_002,33974,full,inpainted,Hard,1,21,2,1,47,834,269.1576846,125.7644711
A110_002,33974,full,inpainted,Hard,1,21,2,1,48,834,269.1576846,125.7644711
A110_002,33974,full,inpainted,Hard,1,21,2,1,49,834,269.1576846,125.7644711
A110_002,33974,full,inpainted,Hard,1,21,2,1,50,834,269.1576846,125.7644711
A110_002,33974,full,inpainted,Hard,1,21,2,1,51,834,269.1576846,125.7644711
A110_002,33974,full,inpainted,Hard,1,21,2,1,52,834,269.1576846,125.7644711
A110_002,33974,full,inpainted,Hard,1,21,2,1,53,834,269.1576846,125.7644711
A110_002,33974,full,inpainted,Hard,1,21,2,1,54,834,269.1576846,125.7644711
A110_002,33974,full,inpainted,Hard,1,21,2,1,55,834,269.1576846,125.7644711
A110_002,33974,full,inpainted,Hard,1,21,2,1,56,834,269.1576846,125.7644711
A110_002,33974,full,inpainted,Hard,1,21,2,1,57,834,269.1576846,125.7644711
A110_002,33974,full,inpainted,Hard,1,21,2,1,58,834,269.1576846,125.7644711
A110_002,33974,full,inpainted,Hard,1,21,2,1,59,834,269.1576846,125.7644711
A110_002,33974,full,inpainted,Hard,1,21,2,1,60,834,269.1576846,125.7644711
A110_002,33974,full,inpainted,Hard,1,21,2,1,61,834,269.1576846,125.7644711
A110_002,33974,full,inpainted,Hard,1,21,2,1,62,834,269.1576846,125.7644711
A110_002,33974,full,inpainted,Hard,1,21,2,1,63,834,269.1576846,125.7644711
A110_002,33974,full,inpainted,Hard,1,21,2,1,64,834,269.1576846,125.7644711
A110_002,33974,full,inpainted,Hard,1,21,2,1,65,834,269.1576846,125.7644711
A110_002,33974,full,inpainted,Hard,1,21,2,1,66,834,269.1576846,125.7644711
A110_002,33974,full,inpainted,Hard,1,21,2,1,67,834,269.1576846,125.7644711
A110_002,33974,full,inpainted,Hard,1,21,2,1,68,834,269.1576846,125.7644711
A110_002,33974,full,inpainted,Hard,1,21,2,1,69,834,269.1576846,125.7644711
A110_002,33974,full,inpainted,Hard,1,21,2,1,70,834,269.1576846,125.7644711
A110_002,33974,full,inpainted,Hard,1,21,2,1,71,834,269.1576846,125.7644711
A110_002,33974,full,inpainted,Hard,1,21,2,1,72,834,269.1576846,125.7644711
A110_002,33974,full,inpainted,Hard,1,21,2,1,73,834,269.1576846,125.7644711
A110_002,33974,full,inpainted,Hard,1,21,2,1,74,834,269.1576846,125.7644711
A110_002,33974,full,inpainted,Hard,1,21,2,1,75,834,269.1576846,125.7644711
A110_002,33974,full,inpainted,Hard,1,21,2,1,76,834,269.1576846,125.7644711
A110_002,33974,full,inpainted,Hard,1,21,2,1,77,834,269.1576846,125.7644711
A110_002,33974,full,inpainted,Hard,1,21,2,1,78,834,269.1576846,125.7644711
A110_002,33974,full,inpainted,Hard,1,21,2,1,79,834,269.1576846,125.7644711
A110_002,33974,full,inpainted,Hard,1,21,2,1,80,834,269.1576846,125.7644711
A110_002,33974,full,inpainted,Hard,1,21,3,1,81,103,272.2874251,123.5289421
A110_002,33974,full,inpainted,Hard,1,21,3,1,82,103,272.2874251,123.5289421
A110_002,33974,full,inpainted,Hard,1,21,3,1,83,103,272.2874251,123.5289421
A110_002,33974,full,inpainted,Hard,1,21,3,1,84,103,272.2874251,123.5289421
A110_002,33974,full,inpainted,Hard,1,21,3,1,85,103,272.2874251,123.5289421
A110_002,33974,full,inpainted,Hard,1,21,3,1,86,103,272.2874251,123.5289421
A110_002,33974,full,inpainted,Hard,1,21,3,1,87,103,272.2874251,123.5289421
A110_002,33974,full,inpainted,Hard,1,21,4,1,94,123,332.4550898,134.9620758
A110_002,33974,full,inpainted,Hard,1,21,4,1,95,123,332.4550898,134.9620758
A110_002,33974,full,inpainted,Hard,1,21,4,1,96,123,332.4550898,134.9620758
A110_002,33974,full,inpainted,Hard,1,21,4,1,97,123,332.4550898,134.9620758
A110_002,33974,full,inpainted,Hard,1,21,4,1,98,123,332.4550898,134.9620758
A110_002,33974,full,inpainted,Hard,1,21,4,1,99,123,332.4550898,134.9620758
A110_002,33974,full,inpainted,Hard,1,21,4,1,100,123,332.4550898,134.9620758
A110_002,33974,full,inpainted,Hard,1,21,4,1,101,123,332.4550898,134.9620758
A110_002,33974,full,inpainted,Hard,1,21,4,1,102,123,332.4550898,134.9620758
A110_002,33974,full,inpainted,Hard,1,21,5,1,103,398,283.1457086,121.2934132
A110_002,33974,full,inpainted,Hard,1,21,5,1,104,398,283.1457086,121.2934132
A110_002,33974,full,inpainted,Hard,1,21,5,1,105,398,283.1457086,121.2934132
A110_002,33974,full,inpainted,Hard,1,21,5,1,106,398,283.1457086,121.2934132
A110_002,33974,full,inpainted,Hard,1,21,5,1,107,398,283.1457086,121.2934132
A110_002,33974,full,inpainted,Hard,1,21,5,1,108,398,283.1457086,121.2934132
A110_002,33974,full,inpainted,Hard,1,21,5,1,109,398,283.1457086,121.2934132
A110_002,33974,full,inpainted,Hard,1,21,5,1,110,398,283.1457086,121.2934132
A110_002,33974,full,inpainted,Hard,1,21,5,1,111,398,283.1457086,121.2934132
A110_002,33974,full,inpainted,Hard,1,21,5,1,112,398,283.1457086,121.2934132
A110_002,33974,full,inpainted,Hard,1,21,5,1,113,398,283.1457086,121.2934132
A110_002,33974,full,inpainted,Hard,1,21,5,1,114,398,283.1457086,121.2934132
A110_002,33974,full,inpainted,Hard,1,21,5,1,115,398,283.1457086,121.2934132
A110_002,33974,full,inpainted,Hard,1,21,5,1,116,398,283.1457086,121.2934132
A110_002,33974,full,inpainted,Hard,1,21,5,1,117,398,283.1457086,121.2934132
A110_002,33974,full,inpainted,Hard,1,21,5,1,118,398,283.1457086,121.2934132
A110_002,33974,full,inpainted,Hard,1,21,5,1,119,398,283.1457086,121.2934132
A110_002,33974,full,inpainted,Hard,1,21,5,1,120,398,283.1457086,121.2934132
A110_002,33974,full,inpainted,Hard,1,21,5,1,121,398,283.1457086,121.2934132
A110_002,33974,full,inpainted,Hard,1,21,5,1,122,398,283.1457086,121.2934132
A110_002,33974,full,inpainted,Hard,1,21,5,1,123,398,283.1457086,121.2934132
A110_002,33974,full,inpainted,Hard,1,21,5,1,124,398,283.1457086,121.2934132
A110_002,33974,full,inpainted,Hard,1,21,5,1,125,398,283.1457086,121.2934132
A110_002,33974,full,inpainted,Hard,1,21,5,1,126,398,283.1457086,121.2934132
A110_002,33974,full,inpainted,Hard,1,21,5,1,127,398,283.1457086,121.2934132
A110_002,33974,full,inpainted,Hard,1,21,6,1,132,304,266.2195609,126.7225549
A110_002,33974,full,inpainted,Hard,1,21,6,1,133,304,266.2195609,126.7225549
A110_002,33974,full,inpainted,Hard,1,21,6,1,134,304,266.2195609,126.7225549
A110_002,33974,full,inpainted,Hard,1,21,6,1,135,304,266.2195609,126.7225549
A110_002,33974,full,inpainted,Hard,1,21,6,1,136,304,266.2195609,126.7225549
A110_002,33974,full,inpainted,Hard,1,21,6,1,137,304,266.2195609,126.7225549
A110_002,33974,full,inpainted,Hard,1,21,6,1,138,304,266.2195609,126.7225549
A110_002,33974,full,inpainted,Hard,1,21,7,2,5,230,249.2934132,133.4291417
A110_002,33974,full,inpainted,Hard,1,21,7,2,6,230,249.2934132,133.4291417
A110_002,33974,full,inpainted,Hard,1,21,7,2,7,230,249.2934132,133.4291417
A110_002,33974,full,inpainted,Hard,1,21,7,2,8,230,249.2934132,133.4291417
A110_002,33974,full,inpainted,Hard,1,21,7,2,9,230,249.2934132,133.4291417
A110_002,33974,full,inpainted,Hard,1,21,7,2,10,230,249.2934132,133.4291417
A110_002,33974,full,inpainted,Hard,1,21,7,2,11,230,249.2934132,133.4291417
A110_002,33974,full,inpainted,Hard,1,21,7,2,12,230,249.2934132,133.4291417
A110_002,33974,full,inpainted,Hard,1,21,7,2,13,230,249.2934132,133.4291417
A110_002,33974,full,inpainted,Hard,1,21,7,2,14,230,249.2934132,133.4291417
A110_002,33974,full,inpainted,Hard,1,21,7,2,15,230,249.2934132,133.4291417
A110_002,33974,full,inpainted,Hard,1,21,7,2,16,230,249.2934132,133.4291417
A110_002,33974,full,inpainted,Hard,1,21,7,2,17,230,249.2934132,133.4291417
A110_002,33974,full,inpainted,Hard,1,21,7,2,18,230,249.2934132,133.4291417
A110_002,33974,full,inpainted,Hard,1,21,7,2,19,230,249.2934132,133.4291417
A110_002,33974,full,inpainted,Hard,1,21,8,2,26,152,246.8023952,124.6786427
A110_002,33974,full,inpainted,Hard,1,21,8,2,27,152,246.8023952,124.6786427
A110_002,33974,full,inpainted,Hard,1,21,8,2,28,152,246.8023952,124.6786427
A110_002,33974,full,inpainted,Hard,1,21,8,2,29,152,246.8023952,124.6786427
A110_002,33974,full,inpainted,Hard,1,21,8,2,30,152,246.8023952,124.6786427
A110_002,33974,full,inpainted,Hard,1,21,8,2,31,152,246.8023952,124.6786427
A110_002,33974,full,inpainted,Hard,1,21,8,2,32,152,246.8023952,124.6786427
A110_002,33974,full,inpainted,Hard,1,21,8,2,33,152,246.8023952,124.6786427
A110_002,33974,full,inpainted,Hard,1,21,8,2,34,152,246.8023952,124.6786427
A110_002,33974,full,inpainted,Hard,1,21,8,2,35,152,246.8023952,124.6786427
A110_002,33974,full,inpainted,Hard,1,21,9,2,36,203,277.4610778,100.5988024
A110_002,33974,full,inpainted,Hard,1,21,9,2,37,203,277.4610778,100.5988024
A110_002,33974,full,inpainted,Hard,1,21,9,2,38,203,277.4610778,100.5988024
A110_002,33974,full,inpainted,Hard,1,21,9,2,39,203,277.4610778,100.5988024
A110_002,33974,full,inpainted,Hard,1,21,9,2,40,203,277.4610778,100.5988024
A110_002,33974,full,inpainted,Hard,1,21,9,2,41,203,277.4610778,100.5988024
A110_002,33974,full,inpainted,Hard,1,21,9,2,42,203,277.4610778,100.5988024
A110_002,33974,full,inpainted,Hard,1,21,9,2,43,203,277.4610778,100.5988024
A110_002,33974,full,inpainted,Hard,1,21,9,2,44,203,277.4610778,100.5988024
A110_002,33974,full,inpainted,Hard,1,21,9,2,45,203,277.4610778,100.5988024
A110_002,33974,full,inpainted,Hard,1,21,9,2,46,203,277.4610778,100.5988024
A110_002,33974,full,inpainted,Hard,1,21,9,2,47,203,277.4610778,100.5988024
A110_002,33974,full,inpainted,Hard,1,21,9,2,48,203,277.4610778,100.5988024
A110_002,33974,full,inpainted,Hard,1,21,10,2,49,79,277.2055888,105.5808383
A110_002,33974,full,inpainted,Hard,1,21,10,2,50,79,277.2055888,105.5808383
A110_002,33974,full,inpainted,Hard,1,21,10,2,51,79,277.2055888,105.5808383
A110_002,33974,full,inpainted,Hard,1,21,10,2,52,79,277.2055888,105.5808383
A110_002,33974,full,inpainted,Hard,1,21,10,2,53,79,277.2055888,105.5808383
A110_002,33974,full,inpainted,Hard,1,21,11,2,56,736,272.0958084,115.8642715
A110_002,33974,full,inpainted,Hard,1,21,11,2,57,736,272.0958084,115.8642715
A110_002,33974,full,inpainted,Hard,1,21,11,2,58,736,272.0958084,115.8642715
A110_002,33974,full,inpainted,Hard,1,21,11,2,59,736,272.0958084,115.8642715
A110_002,33974,full,inpainted,Hard,1,21,11,2,60,736,272.0958084,115.8642715
A110_002,33974,full,inpainted,Hard,1,21,11,2,61,736,272.0958084,115.8642715
A110_002,33974,full,inpainted,Hard,1,21,11,2,62,736,272.0958084,115.8642715
A110_002,33974,full,inpainted,Hard,1,21,11,2,63,736,272.0958084,115.8642715
A110_002,33974,full,inpainted,Hard,1,21,11,2,64,736,272.0958084,115.8642715
A110_002,33974,full,inpainted,Hard,1,21,11,2,65,736,272.0958084,115.8642715
A110_002,33974,full,inpainted,Hard,1,21,11,2,66,736,272.0958084,115.8642715
A110_002,33974,full,inpainted,Hard,1,21,11,2,67,736,272.0958084,115.8642715
A110_002,33974,full,inpainted,Hard,1,21,11,2,68,736,272.0958084,115.8642715
A110_002,33974,full,inpainted,Hard,1,21,11,2,69,736,272.0958084,115.8642715
A110_002,33974,full,inpainted,Hard,1,21,11,2,70,736,272.0958084,115.8642715
A110_002,33974,full,inpainted,Hard,1,21,11,2,71,736,272.0958084,115.8642715
A110_002,33974,full,inpainted,Hard,1,21,11,2,72,736,272.0958084,115.8642715
A110_002,33974,full,inpainted,Hard,1,21,11,2,73,736,272.0958084,115.8642715
A110_002,33974,full,inpainted,Hard,1,21,11,2,74,736,272.0958084,115.8642715
A110_002,33974,full,inpainted,Hard,1,21,11,2,75,736,272.0958084,115.8642715
A110_002,33974,full,inpainted,Hard,1,21,11,2,76,736,272.0958084,115.8642715
A110_002,33974,full,inpainted,Hard,1,21,11,2,77,736,272.0958084,115.8642715
A110_002,33974,full,inpainted,Hard,1,21,11,2,78,736,272.0958084,115.8642715
A110_002,33974,full,inpainted,Hard,1,21,11,2,79,736,272.0958084,115.8642715
A110_002,33974,full,inpainted,Hard,1,21,11,2,80,736,272.0958084,115.8642715
A110_002,33974,full,inpainted,Hard,1,21,11,2,81,736,272.0958084,115.8642715
A110_002,33974,full,inpainted,Hard,1,21,11,2,82,736,272.0958084,115.8642715
A110_002,33974,full,inpainted,Hard,1,21,11,2,83,736,272.0958084,115.8642715
A110_002,33974,full,inpainted,Hard,1,21,11,2,84,736,272.0958084,115.8642715
A110_002,33974,full,inpainted,Hard,1,21,11,2,85,736,272.0958084,115.8642715
A110_002,33974,full,inpainted,Hard,1,21,11,2,86,736,272.0958084,115.8642715
A110_002,33974,full,inpainted,Hard,1,21,11,2,87,736,272.0958084,115.8642715
A110_002,33974,full,inpainted,Hard,1,21,11,2,88,736,272.0958084,115.8642715
A110_002,33974,full,inpainted,Hard,1,21,11,2,89,736,272.0958084,115.8642715
A110_002,33974,full,inpainted,Hard,1,21,11,2,90,736,272.0958084,115.8642715
A110_002,33974,full,inpainted,Hard,1,21,11,2,91,736,272.0958084,115.8642715
A110_002,33974,full,inpainted,Hard,1,21,11,2,92,736,272.0958084,115.8642715
A110_002,33974,full,inpainted,Hard,1,21,11,2,93,736,272.0958084,115.8642715
A110_002,33974,full,inpainted,Hard,1,21,11,2,94,736,272.0958084,115.8642715
A110_002,33974,full,inpainted,Hard,1,21,11,2,95,736,272.0958084,115.8642715
A110_002,33974,full,inpainted,Hard,1,21,11,2,96,736,272.0958084,115.8642715
A110_002,33974,full,inpainted,Hard,1,21,11,2,97,736,272.0958084,115.8642715
A110_002,33974,full,inpainted,Hard,1,21,11,2,98,736,272.0958084,115.8642715
A110_002,33974,full,inpainted,Hard,1,21,11,2,99,736,272.0958084,115.8642715
A110_002,33974,full,inpainted,Hard,1,21,11,2,100,736,272.0958084,115.8642715
A110_002,33974,full,inpainted,Hard,1,21,12,2,107,590,277.5249501,125.5728543
A110_002,33974,full,inpainted,Hard,1,21,12,2,108,590,277.5249501,125.5728543
A110_002,33974,full,inpainted,Hard,1,21,12,2,109,590,277.5249501,125.5728543
A110_002,33974,full,inpainted,Hard,1,21,12,2,110,590,277.5249501,125.5728543
A110_002,33974,full,inpainted,Hard,1,21,12,2,111,590,277.5249501,125.5728543
A110_002,33974,full,inpainted,Hard,1,21,12,2,112,590,277.5249501,125.5728543
A110_002,33974,full,inpainted,Hard,1,21,12,2,113,590,277.5249501,125.5728543
A110_002,33974,full,inpainted,Hard,1,21,12,2,114,590,277.5249501,125.5728543
A110_002,33974,full,inpainted,Hard,1,21,12,2,115,590,277.5249501,125.5728543
A110_002,33974,full,inpainted,Hard,1,21,12,2,116,590,277.5249501,125.5728543
A110_002,33974,full,inpainted,Hard,1,21,12,2,117,590,277.5249501,125.5728543
A110_002,33974,full,inpainted,Hard,1,21,12,2,118,590,277.5249501,125.5728543
A110_002,33974,full,inpainted,Hard,1,21,12,2,119,590,277.5249501,125.5728543
A110_002,33974,full,inpainted,Hard,1,21,12,2,120,590,277.5249501,125.5728543
A110_002,33974,full,inpainted,Hard,1,21,12,2,121,590,277.5249501,125.5728543
A110_002,33974,full,inpainted,Hard,1,21,12,2,122,590,277.5249501,125.5728543
A110_002,33974,full,inpainted,Hard,1,21,12,2,123,590,277.5249501,125.5728543
A110_002,33974,full,inpainted,Hard,1,21,12,2,124,590,277.5249501,125.5728543
A110_002,33974,full,inpainted,Hard,1,21,12,2,125,590,277.5249501,125.5728543
A110_002,33974,full,inpainted,Hard,1,21,12,2,126,590,277.5249501,125.5728543
A110_002,33974,full,inpainted,Hard,1,21,12,2,127,590,277.5249501,125.5728543
A110_002,33974,full,inpainted,Hard,1,21,12,2,128,590,277.5249501,125.5728543
A110_002,33974,full,inpainted,Hard,1,21,12,2,129,590,277.5249501,125.5728543
A110_002,33974,full,inpainted,Hard,1,21,12,2,130,590,277.5249501,125.5728543
A110_002,33974,full,inpainted,Hard,1,21,12,2,131,590,277.5249501,125.5728543
A110_002,33974,full,inpainted,Hard,1,21,12,2,132,590,277.5249501,125.5728543
A110_002,33974,full,inpainted,Hard,1,21,12,2,133,590,277.5249501,125.5728543
A110_002,33974,full,inpainted,Hard,1,21,12,2,134,590,277.5249501,125.5728543
A110_002,33974,full,inpainted,Hard,1,21,12,2,135,590,277.5249501,125.5728543
A110_002,33974,full,inpainted,Hard,1,21,12,2,136,590,277.5249501,125.5728543
A110_002,33974,full,inpainted,Hard,1,21,12,2,137,590,277.5249501,125.5728543
A110_002,33974,full,inpainted,Hard,1,21,12,2,138,590,277.5249501,125.5728543
A110_002,33974,full,inpainted,Hard,1,21,13,3,6,165,215.9520958,164.9181637
A110_002,33974,full,inpainted,Hard,1,21,13,3,7,165,215.9520958,164.9181637
A110_002,33974,full,inpainted,Hard,1,21,13,3,8,165,215.9520958,164.9181637
A110_002,33974,full,inpainted,Hard,1,21,13,3,9,165,215.9520958,164.9181637
A110_002,33974,full,inpainted,Hard,1,21,13,3,10,165,215.9520958,164.9181637
A110_002,33974,full,inpainted,Hard,1,21,13,3,11,165,215.9520958,164.9181637
A110_002,33974,full,inpainted,Hard,1,21,13,3,12,165,215.9520958,164.9181637
A110_002,33974,full,inpainted,Hard,1,21,13,3,13,165,215.9520958,164.9181637
A110_002,33974,full,inpainted,Hard,1,21,13,3,14,165,215.9520958,164.9181637
A110_002,33974,full,inpainted,Hard,1,21,13,3,15,165,215.9520958,164.9181637
A110_002,33974,full,inpainted,Hard,1,21,14,3,16,169,239.7125749,152.9101796
A110_002,33974,full,inpainted,Hard,1,21,14,3,17,169,239.7125749,152.9101796
A110_002,33974,full,inpainted,Hard,1,21,14,3,18,169,239.7125749,152.9101796
A110_002,33974,full,inpainted,Hard,1,21,14,3,19,169,239.7125749,152.9101796
A110_002,33974,full,inpainted,Hard,1,21,14,3,20,169,239.7125749,152.9101796
A110_002,33974,full,inpainted,Hard,1,21,14,3,21,169,239.7125749,152.9101796
A110_002,33974,full,inpainted,Hard,1,21,14,3,22,169,239.7125749,152.9101796
A110_002,33974,full,inpainted,Hard,1,21,14,3,23,169,239.7125749,152.9101796
A110_002,33974,full,inpainted,Hard,1,21,14,3,24,169,239.7125749,152.9101796
A110_002,33974,full,inpainted,Hard,1,21,14,3,25,169,239.7125749,152.9101796
A110_002,33974,full,inpainted,Hard,1,21,14,3,26,169,239.7125749,152.9101796
A110_002,33974,full,inpainted,Hard,1,21,15,3,41,174,256.6387226,130.4271457
A110_002,33974,full,inpainted,Hard,1,21,15,3,42,174,256.6387226,130.4271457
A110_002,33974,full,inpainted,Hard,1,21,15,3,43,174,256.6387226,130.4271457
A110_002,33974,full,inpainted,Hard,1,21,15,3,44,174,256.6387226,130.4271457
A110_002,33974,full,inpainted,Hard,1,21,15,3,45,174,256.6387226,130.4271457
A110_002,33974,full,inpainted,Hard,1,21,15,3,46,174,256.6387226,130.4271457
A110_002,33974,full,inpainted,Hard,1,21,15,3,47,174,256.6387226,130.4271457
A110_002,33974,full,inpainted,Hard,1,21,15,3,48,174,256.6387226,130.4271457
A110_002,33974,full,inpainted,Hard,1,21,15,3,49,174,256.6387226,130.4271457
A110_002,33974,full,inpainted,Hard,1,21,15,3,50,174,256.6387226,130.4271457
A110_002,33974,full,inpainted,Hard,1,21,15,3,51,174,256.6387226,130.4271457
A110_002,33974,full,inpainted,Hard,1,21,16,3,71,509,249.4211577,126.0199601
A110_002,33974,full,inpainted,Hard,1,21,16,3,72,509,249.4211577,126.0199601
A110_002,33974,full,inpainted,Hard,1,21,16,3,73,509,249.4211577,126.0199601
A110_002,33974,full,inpainted,Hard,1,21,16,3,74,509,249.4211577,126.0199601
A110_002,33974,full,inpainted,Hard,1,21,16,3,75,509,249.4211577,126.0199601
A110_002,33974,full,inpainted,Hard,1,21,16,3,76,509,249.4211577,126.0199601
A110_002,33974,full,inpainted,Hard,1,21,16,3,77,509,249.4211577,126.0199601
A110_002,33974,full,inpainted,Hard,1,21,16,3,78,509,249.4211577,126.0199601
A110_002,33974,full,inpainted,Hard,1,21,16,3,79,509,249.4211577,126.0199601
A110_002,33974,full,inpainted,Hard,1,21,16,3,80,509,249.4211577,126.0199601
A110_002,33974,full,inpainted,Hard,1,21,16,3,81,509,249.4211577,126.0199601
A110_002,33974,full,inpainted,Hard,1,21,16,3,82,509,249.4211577,126.0199601
A110_002,33974,full,inpainted,Hard,1,21,16,3,83,509,249.4211577,126.0199601
A110_002,33974,full,inpainted,Hard,1,21,16,3,84,509,249.4211577,126.0199601
A110_002,33974,full,inpainted,Hard,1,21,16,3,85,509,249.4211577,126.0199601
A110_002,33974,full,inpainted,Hard,1,21,16,3,86,509,249.4211577,126.0199601
A110_002,33974,full,inpainted,Hard,1,21,16,3,87,509,249.4211577,126.0199601
A110_002,33974,full,inpainted,Hard,1,21,16,3,88,509,249.4211577,126.0199601
A110_002,33974,full,inpainted,Hard,1,21,16,3,89,509,249.4211577,126.0199601
A110_002,33974,full,inpainted,Hard,1,21,16,3,90,509,249.4211577,126.0199601
A110_002,33974,full,inpainted,Hard,1,21,16,3,91,509,249.4211577,126.0199601
A110_002,33974,full,inpainted,Hard,1,21,16,3,92,509,249.4211577,126.0199601
A110_002,33974,full,inpainted,Hard,1,21,16,3,93,509,249.4211577,126.0199601
A110_002,33974,full,inpainted,Hard,1,21,16,3,94,509,249.4211577,126.0199601
A110_002,33974,full,inpainted,Hard,1,21,16,3,95,509,249.4211577,126.0199601
A110_002,33974,full,inpainted,Hard,1,21,16,3,96,509,249.4211577,126.0199601
A110_002,33974,full,inpainted,Hard,1,21,16,3,97,509,249.4211577,126.0199601
A110_002,33974,full,inpainted,Hard,1,21,16,3,98,509,249.4211577,126.0199601
A110_002,33974,full,inpainted,Hard,1,21,16,3,99,509,249.4211577,126.0199601
A110_002,33974,full,inpainted,Hard,1,21,16,3,100,509,249.4211577,126.0199601
A110_002,33974,full,inpainted,Hard,1,21,16,3,101,509,249.4211577,126.0199601
A110_002,33974,full,inpainted,Hard,1,21,16,3,102,509,249.4211577,126.0199601
A110_002,33974,full,inpainted,Hard,1,21,17,3,115,315,249.4850299,162.0439122
A110_002,33974,full,inpainted,Hard,1,21,17,3,116,315,249.4850299,162.0439122
A110_002,33974,full,inpainted,Hard,1,21,17,3,117,315,249.4850299,162.0439122
A110_002,33974,full,inpainted,Hard,1,21,17,3,118,315,249.4850299,162.0439122
A110_002,33974,full,inpainted,Hard,1,21,17,3,119,315,249.4850299,162.0439122
A110_002,33974,full,inpainted,Hard,1,21,17,3,120,315,249.4850299,162.0439122
A110_002,33974,full,inpainted,Hard,1,21,17,3,121,315,249.4850299,162.0439122
A110_002,33974,full,inpainted,Hard,1,21,17,3,122,315,249.4850299,162.0439122
A110_002,33974,full,inpainted,Hard,1,21,17,3,123,315,249.4850299,162.0439122
A110_002,33974,full,inpainted,Hard,1,21,17,3,124,315,249.4850299,162.0439122
A110_002,33974,full,inpainted,Hard,1,21,17,3,125,315,249.4850299,162.0439122
A110_002,33974,full,inpainted,Hard,1,21,17,3,126,315,249.4850299,162.0439122
A110_002,33974,full,inpainted,Hard,1,21,17,3,127,315,249.4850299,162.0439122
A110_002,33974,full,inpainted,Hard,1,21,17,3,128,315,249.4850299,162.0439122
A110_002,33974,full,inpainted,Hard,1,21,17,3,129,315,249.4850299,162.0439122
A110_002,33974,full,inpainted,Hard,1,21,17,3,130,315,249.4850299,162.0439122
A110_002,33974,full,inpainted,Hard,1,21,17,3,131,315,249.4850299,162.0439122
A110_002,33974,full,inpainted,Hard,1,21,17,3,132,315,249.4850299,162.0439122
A110_002,33974,full,inpainted,Hard,1,21,17,3,133,315,249.4850299,162.0439122
A110_002,33974,full,inpainted,Hard,1,21,17,3,134,315,249.4850299,162.0439122
A110_002,33974,full,inpainted,Hard,1,21,18,4,21,121,268.7744511,150.1636727
A110_002,33974,full,inpainted,Hard,1,21,18,4,22,121,268.7744511,150.1636727
A110_002,33974,full,inpainted,Hard,1,21,18,4,23,121,268.7744511,150.1636727
A110_002,33974,full,inpainted,Hard,1,21,18,4,24,121,268.7744511,150.1636727
A110_002,33974,full,inpainted,Hard,1,21,18,4,25,121,268.7744511,150.1636727
A110_002,33974,full,inpainted,Hard,1,21,18,4,26,121,268.7744511,150.1636727
A110_002,33974,full,inpainted,Hard,1,21,18,4,27,121,268.7744511,150.1636727
A110_002,33974,full,inpainted,Hard,1,21,18,4,28,121,268.7744511,150.1636727
A110_002,33974,full,inpainted,Hard,1,21,18,4,29,121,268.7744511,150.1636727
A110_002,33974,full,inpainted,Hard,1,21,19,4,42,479,270.0518962,147.2894212
A110_002,33974,full,inpainted,Hard,1,21,19,4,43,479,270.0518962,147.2894212
A110_002,33974,full,inpainted,Hard,1,21,19,4,44,479,270.0518962,147.2894212
A110_002,33974,full,inpainted,Hard,1,21,19,4,45,479,270.0518962,147.2894212
A110_002,33974,full,inpainted,Hard,1,21,19,4,46,479,270.0518962,147.2894212
A110_002,33974,full,inpainted,Hard,1,21,19,4,47,479,270.0518962,147.2894212
A110_002,33974,full,inpainted,Hard,1,21,19,4,48,479,270.0518962,147.2894212
A110_002,33974,full,inpainted,Hard,1,21,19,4,49,479,270.0518962,147.2894212
A110_002,33974,full,inpainted,Hard,1,21,19,4,50,479,270.0518962,147.2894212
A110_002,33974,full,inpainted,Hard,1,21,19,4,51,479,270.0518962,147.2894212
A110_002,33974,full,inpainted,Hard,1,21,19,4,52,479,270.0518962,147.2894212
A110_002,33974,full,inpainted,Hard,1,21,19,4,53,479,270.0518962,147.2894212
A110_002,33974,full,inpainted,Hard,1,21,19,4,54,479,270.0518962,147.2894212
A110_002,33974,full,inpainted,Hard,1,21,19,4,55,479,270.0518962,147.2894212
A110_002,33974,full,inpainted,Hard,1,21,19,4,56,479,270.0518962,147.2894212
A110_002,33974,full,inpainted,Hard,1,21,19,4,57,479,270.0518962,147.2894212
A110_002,33974,full,inpainted,Hard,1,21,19,4,58,479,270.0518962,147.2894212
A110_002,33974,full,inpainted,Hard,1,21,19,4,59,479,270.0518962,147.2894212
A110_002,33974,full,inpainted,Hard,1,21,19,4,60,479,270.0518962,147.2894212
A110_002,33974,full,inpainted,Hard,1,21,19,4,61,479,270.0518962,147.2894212
A110_002,33974,full,inpainted,Hard,1,21,19,4,62,479,270.0518962,147.2894212
A110_002,33974,full,inpainted,Hard,1,21,19,4,63,479,270.0518962,147.2894212
A110_002,33974,full,inpainted,Hard,1,21,19,4,64,479,270.0518962,147.2894212
A110_002,33974,full,inpainted,Hard,1,21,19,4,65,479,270.0518962,147.2894212
A110_002,33974,full,inpainted,Hard,1,21,19,4,66,479,270.0518962,147.2894212
A110_002,33974,full,inpainted,Hard,1,21,19,4,67,479,270.0518962,147.2894212
A110_002,33974,full,inpainted,Hard,1,21,19,4,68,479,270.0518962,147.2894212
A110_002,33974,full,inpainted,Hard,1,21,19,4,69,479,270.0518962,147.2894212
A110_002,33974,full,inpainted,Hard,1,21,19,4,70,479,270.0518962,147.2894212
A110_002,33974,full,inpainted,Hard,1,21,19,4,71,479,270.0518962,147.2894212
A110_002,33974,full,inpainted,Hard,1,21,20,4,72,543,296.750499,146.011976
A110_002,33974,full,inpainted,Hard,1,21,20,4,73,543,296.750499,146.011976
A110_002,33974,full,inpainted,Hard,1,21,20,4,74,543,296.750499,146.011976
A110_002,33974,full,inpainted,Hard,1,21,20,4,75,543,296.750499,146.011976
A110_002,33974,full,inpainted,Hard,1,21,20,4,76,543,296.750499,146.011976
A110_002,33974,full,inpainted,Hard,1,21,20,4,77,543,296.750499,146.011976
A110_002,33974,full,inpainted,Hard,1,21,20,4,78,543,296.750499,146.011976
A110_002,33974,full,inpainted,Hard,1,21,20,4,79,543,296.750499,146.011976
A110_002,33974,full,inpainted,Hard,1,21,20,4,80,543,296.750499,146.011976
A110_002,33974,full,inpainted,Hard,1,21,20,4,81,543,296.750499,146.011976
A110_002,33974,full,inpainted,Hard,1,21,20,4,82,543,296.750499,146.011976
A110_002,33974,full,inpainted,Hard,1,21,20,4,83,543,296.750499,146.011976
A110_002,33974,full,inpainted,Hard,1,21,20,4,84,543,296.750499,146.011976
A110_002,33974,full,inpainted,Hard,1,21,20,4,85,543,296.750499,146.011976
A110_002,33974,full,inpainted,Hard,1,21,20,4,86,543,296.750499,146.011976
A110_002,33974,full,inpainted,Hard,1,21,20,4,87,543,296.750499,146.011976
A110_002,33974,full,inpainted,Hard,1,21,20,4,88,543,296.750499,146.011976
A110_002,33974,full,inpainted,Hard,1,21,20,4,89,543,296.750499,146.011976
A110_002,33974,full,inpainted,Hard,1,21,20,4,90,543,296.750499,146.011976
A110_002,33974,full,inpainted,Hard,1,21,20,4,91,543,296.750499,146.011976
A110_002,33974,full,inpainted,Hard,1,21,20,4,92,543,296.750499,146.011976
A110_002,33974,full,inpainted,Hard,1,21,20,4,93,543,296.750499,146.011976
A110_002,33974,full,inpainted,Hard,1,21,20,4,94,543,296.750499,146.011976
A110_002,33974,full,inpainted,Hard,1,21,20,4,95,543,296.750499,146.011976
A110_002,33974,full,inpainted,Hard,1,21,20,4,96,543,296.750499,146.011976
A110_002,33974,full,inpainted,Hard,1,21,20,4,97,543,296.750499,146.011976
A110_002,33974,full,inpainted,Hard,1,21,20,4,98,543,296.750499,146.011976
A110_002,33974,full,inpainted,Hard,1,21,20,4,99,543,296.750499,146.011976
A110_002,33974,full,inpainted,Hard,1,21,20,4,100,543,296.750499,146.011976
A110_002,33974,full,inpainted,Hard,1,21,20,4,101,543,296.750499,146.011976
A110_002,33974,full,inpainted,Hard,1,21,20,4,102,543,296.750499,146.011976
A110_002,33974,full,inpainted,Hard,1,21,20,4,103,543,296.750499,146.011976
A110_002,33974,full,inpainted,Hard,1,21,20,4,104,543,296.750499,146.011976
A110_002,33974,full,inpainted,Hard,1,21,21,4,105,204,289.4690619,145.1816367
A110_002,33974,full,inpainted,Hard,1,21,21,4,106,204,289.4690619,145.1816367
A110_002,33974,full,inpainted,Hard,1,21,21,4,107,204,289.4690619,145.1816367
A110_002,33974,full,inpainted,Hard,1,21,21,4,108,204,289.4690619,145.1816367
A110_002,33974,full,inpainted,Hard,1,21,21,4,109,204,289.4690619,145.1816367
A110_002,33974,full,inpainted,Hard,1,21,21,4,110,204,289.4690619,145.1816367
A110_002,33974,full,inpainted,Hard,1,21,21,4,111,204,289.4690619,145.1816367
A110_002,33974,full,inpainted,Hard,1,21,21,4,112,204,289.4690619,145.1816367
A110_002,33974,full,inpainted,Hard,1,21,21,4,113,204,289.4690619,145.1816367
A110_002,33974,full,inpainted,Hard,1,21,21,4,114,204,289.4690619,145.1816367
A110_002,33974,full,inpainted,Hard,1,21,21,4,115,204,289.4690619,145.1816367
A110_002,33974,full,inpainted,Hard,1,21,21,4,116,204,289.4690619,145.1816367
A110_002,33974,full,inpainted,Hard,1,21,21,4,117,204,289.4690619,145.1816367
A110_002,33974,full,inpainted,Hard,1,21,21,4,118,204,289.4690619,145.1816367
A110_002,33974,full,inpainted,Hard,1,21,22,4,120,132,253.3173653,135.6646707
A110_002,33974,full,inpainted,Hard,1,21,22,4,121,132,253.3173653,135.6646707
A110_002,33974,full,inpainted,Hard,1,21,22,4,122,132,253.3173653,135.6646707
A110_002,33974,full,inpainted,Hard,1,21,22,4,123,132,253.3173653,135.6646707
A110_002,33974,full,inpainted,Hard,1,21,22,4,124,132,253.3173653,135.6646707
A110_002,33974,full,inpainted,Hard,1,21,22,4,125,132,253.3173653,135.6646707
A110_002,33974,full,inpainted,Hard,1,21,22,4,126,132,253.3173653,135.6646707
A110_002,33974,full,inpainted,Hard,1,21,22,4,127,132,253.3173653,135.6646707
A110_002,33974,full,inpainted,Hard,1,21,22,4,128,132,253.3173653,135.6646707
A110_002,33974,full,inpainted,Hard,1,21,23,4,129,515,249.1017964,138.2195609
A110_002,33974,full,inpainted,Hard,1,21,23,4,130,515,249.1017964,138.2195609
A110_002,33974,full,inpainted,Hard,1,21,23,4,131,515,249.1017964,138.2195609
A110_002,33974,full,inpainted,Hard,1,21,23,4,132,515,249.1017964,138.2195609
A110_002,33974,full,inpainted,Hard,1,21,23,4,133,515,249.1017964,138.2195609
A110_002,33974,full,inpainted,Hard,1,21,23,4,134,515,249.1017964,138.2195609
A110_002,33974,full,inpainted,Hard,1,21,23,4,135,515,249.1017964,138.2195609
A110_002,33974,full,inpainted,Hard,1,21,23,4,136,515,249.1017964,138.2195609
A110_002,33974,full,inpainted,Hard,1,21,23,4,137,515,249.1017964,138.2195609
A110_002,33974,full,inpainted,Hard,1,21,23,4,138,515,249.1017964,138.2195609
